Page Name,Url Name
The Adventures of Ozzie and Harriet,The_Adventures_of_Ozzie_and_Harriet
The Baby-Sitters Club,The_Baby-Sitters_Club_(1990_TV_series)
Boy Meets World,Boy_Meets_World
Brotherly Love,Brotherly_Love_(1995_TV_series)
Dinosaurs,Dinosaurs_(TV_series)
The Edison Twins,The_Edison_Twins
Evermoor,The_Evermoor_Chronicles
Growing Pains,Growing_Pains
High School Musical: The Musical: The Series,High_School_Musical:_The_Musical:_The_Series
"Honey, I Shrunk the Kids: The TV Show","Honey,_I_Shrunk_the_Kids:_The_TV_Show"
"Jump, Rattle and Roll","Wake,_Rattle,_and_Roll"
The Kids of Degrassi Street,The_Kids_of_Degrassi_Street
Life with Derek,Life_with_Derek
Muppets Tonight,Muppets_Tonight
My Babysitter's a Vampire,My_Babysitter%27s_a_Vampire_(TV_series)
"Naturally, Sadie","Naturally,_Sadie"
The Neighbors,The_Neighbors_(2012_TV_series)
The Sinbad Show,The_Sinbad_Show
"Sister, Sister","Sister,_Sister_(TV_series)"
Smart Guy,Smart_Guy
The Torkelsons/Almost Home,The_Torkelsons
